id;file;position;url;created_at;updated_at
1;Lave-Linge-Frontale-LG-Vivace-F4R3VYG6P-9kg.jpg;1;/produit/lave-linge-frontale-lg-vivace-f4r3vyg6p-9kg-silverlave-linge-frontale-lg-vivace-f4r3vyg6p-9kg-silverlave-linge-frontale-lg-vivace-f4r3vyg6p-9kg-silverlave-linge-frontale-lg-vivace-f4r3vyg6p-9-2/;"2026-03-09 02:28:10";"2026-03-09 02:28:10"
2;Refrigerateur-Combine-HOOVER-HOCE4T618EB.png;2;/produit/refrigerateur-combine-hoover-hoce4t618eb/;"2026-03-09 02:28:10";"2026-03-09 02:28:10"
3;dried-plant-supplier.webp;3;;"2026-03-09 02:28:10";"2026-03-09 02:28:10"
4;dried-flower-supplier-netherland-e1693954230668.jpg;4;;"2026-03-09 02:28:10";"2026-03-09 02:28:10"
5;dried-flower-supplier-scaled-e1693953629855.jpg;5;;"2026-03-09 02:28:10";"2026-03-09 02:28:10"
6;netherland-dried-flower-supplier-scaled.jpg;6;;"2026-03-09 02:28:10";"2026-03-09 02:28:10"
7;duo5_w.jpg;7;;"2026-03-09 02:28:10";"2026-03-09 02:28:10"
8;duo4_w.jpg;8;;"2026-03-09 02:28:10";"2026-03-09 02:28:10"
9;duo3_w.jpg;9;;"2026-03-09 02:28:10";"2026-03-09 02:28:10"
10;duo2_w.jpg;10;;"2026-03-09 02:28:10";"2026-03-09 02:28:10"
11;duo1_w.jpg;11;;"2026-03-09 02:28:10";"2026-03-09 02:28:10"
12;duo6_w.jpg;12;;"2026-03-09 02:28:10";"2026-03-09 02:28:10"
13;duo5_w.jpg;13;;"2026-03-09 02:28:10";"2026-03-09 02:28:10"
14;duo4_w.jpg;14;;"2026-03-09 02:28:10";"2026-03-09 02:28:10"
15;duo3_w.jpg;15;;"2026-03-09 02:28:10";"2026-03-09 02:28:10"
16;duo2_w.jpg;16;;"2026-03-09 02:28:10";"2026-03-09 02:28:10"
17;duo1_w.jpg;17;;"2026-03-09 02:28:10";"2026-03-09 02:28:10"
18;duo6_w.jpg;18;;"2026-03-09 02:28:10";"2026-03-09 02:28:10"
