id;visible;position;logo_image_id;created_at;updated_at
51;1;51;;"2026-03-08 04:45:22";"2026-03-08 04:45:22"
76;1;76;;"2026-03-08 04:45:22";"2026-03-08 04:45:22"
122;1;122;;"2026-03-08 04:45:22";"2026-03-08 04:45:22"
511;1;511;;"2026-03-08 04:45:22";"2026-03-08 04:45:22"
512;1;512;;"2026-03-08 04:45:22";"2026-03-08 04:45:22"
513;1;513;;"2026-03-08 04:45:22";"2026-03-08 04:45:22"
514;1;514;;"2026-03-08 04:45:22";"2026-03-08 04:45:22"
515;1;515;;"2026-03-08 04:45:22";"2026-03-08 04:45:22"
517;1;517;;"2026-03-08 04:45:22";"2026-03-08 04:45:22"
518;1;518;;"2026-03-08 04:45:22";"2026-03-08 04:45:22"
519;1;519;;"2026-03-08 04:45:22";"2026-03-08 04:45:22"
520;1;520;;"2026-03-08 04:45:22";"2026-03-08 04:45:22"
521;1;521;;"2026-03-08 04:45:22";"2026-03-08 04:45:22"
522;1;522;;"2026-03-08 04:45:22";"2026-03-08 04:45:22"
523;1;523;;"2026-03-08 04:45:22";"2026-03-08 04:45:22"
524;1;524;;"2026-03-08 04:45:22";"2026-03-08 04:45:22"
525;1;525;;"2026-03-08 04:45:22";"2026-03-08 04:45:22"
526;1;526;;"2026-03-08 04:45:22";"2026-03-08 04:45:22"
527;1;527;;"2026-03-08 04:45:22";"2026-03-08 04:45:22"
528;1;528;;"2026-03-08 04:45:22";"2026-03-08 04:45:22"
529;1;529;;"2026-03-08 04:45:22";"2026-03-08 04:45:22"
530;1;530;;"2026-03-08 04:45:22";"2026-03-08 04:45:22"
531;1;531;;"2026-03-08 04:45:22";"2026-03-08 04:45:22"
532;1;532;;"2026-03-08 04:45:22";"2026-03-08 04:45:22"
533;1;533;;"2026-03-08 04:45:22";"2026-03-08 04:45:22"
534;1;534;;"2026-03-08 04:45:22";"2026-03-08 04:45:22"
535;1;535;;"2026-03-08 04:45:22";"2026-03-08 04:45:22"
536;1;536;;"2026-03-08 04:45:22";"2026-03-08 04:45:22"
537;1;537;;"2026-03-08 04:45:22";"2026-03-08 04:45:22"
538;1;538;;"2026-03-08 04:45:22";"2026-03-08 04:45:22"
539;1;539;;"2026-03-08 04:45:22";"2026-03-08 04:45:22"
540;1;540;;"2026-03-08 04:45:22";"2026-03-08 04:45:22"
541;1;541;;"2026-03-08 04:45:22";"2026-03-08 04:45:22"
542;1;542;;"2026-03-08 04:45:22";"2026-03-08 04:45:22"
543;1;543;;"2026-03-08 04:45:22";"2026-03-08 04:45:22"
544;1;544;;"2026-03-08 04:45:22";"2026-03-08 04:45:22"
545;1;545;;"2026-03-08 04:45:22";"2026-03-08 04:45:22"
546;1;546;;"2026-03-08 04:45:22";"2026-03-08 04:45:22"
547;1;547;;"2026-03-08 04:45:22";"2026-03-08 04:45:22"
548;1;548;;"2026-03-08 04:45:22";"2026-03-08 04:45:22"
549;1;549;;"2026-03-08 04:45:22";"2026-03-08 04:45:22"
550;1;550;;"2026-03-08 04:45:22";"2026-03-08 04:45:22"
551;1;551;;"2026-03-08 04:45:22";"2026-03-08 04:45:22"
552;1;552;;"2026-03-08 04:45:22";"2026-03-08 04:45:22"
553;1;553;;"2026-03-08 04:45:22";"2026-03-08 04:45:22"
746;1;746;;"2026-03-08 04:45:22";"2026-03-08 04:45:22"
747;1;747;;"2026-03-08 04:45:22";"2026-03-08 04:45:22"
748;1;748;;"2026-03-08 04:45:22";"2026-03-08 04:45:22"
749;1;749;;"2026-03-08 04:45:22";"2026-03-08 04:45:22"
750;1;750;;"2026-03-08 04:45:22";"2026-03-08 04:45:22"
751;1;751;;"2026-03-08 04:45:22";"2026-03-08 04:45:22"
752;1;752;;"2026-03-08 04:45:22";"2026-03-08 04:45:22"
753;1;753;;"2026-03-08 04:45:22";"2026-03-08 04:45:22"
754;1;754;;"2026-03-08 04:45:22";"2026-03-08 04:45:22"
755;1;755;;"2026-03-08 04:45:22";"2026-03-08 04:45:22"
756;1;756;;"2026-03-08 04:45:22";"2026-03-08 04:45:22"
757;1;757;;"2026-03-08 04:45:22";"2026-03-08 04:45:22"
758;1;758;;"2026-03-08 04:45:22";"2026-03-08 04:45:22"
760;1;760;;"2026-03-08 04:45:22";"2026-03-08 04:45:22"
761;1;761;;"2026-03-08 04:45:22";"2026-03-08 04:45:22"
762;1;762;;"2026-03-08 04:45:22";"2026-03-08 04:45:22"
763;1;763;;"2026-03-08 04:45:22";"2026-03-08 04:45:22"
764;1;764;;"2026-03-08 04:45:22";"2026-03-08 04:45:22"
765;1;765;;"2026-03-08 04:45:22";"2026-03-08 04:45:22"
766;1;766;;"2026-03-08 04:45:22";"2026-03-08 04:45:22"
767;1;767;;"2026-03-08 04:45:22";"2026-03-08 04:45:22"
768;1;768;;"2026-03-08 04:45:22";"2026-03-08 04:45:22"
769;1;769;;"2026-03-08 04:45:22";"2026-03-08 04:45:22"
770;1;770;;"2026-03-08 04:45:22";"2026-03-08 04:45:22"
771;1;771;;"2026-03-08 04:45:22";"2026-03-08 04:45:22"
772;1;772;;"2026-03-08 04:45:22";"2026-03-08 04:45:22"
773;1;773;;"2026-03-08 04:45:22";"2026-03-08 04:45:22"
774;1;774;;"2026-03-08 04:45:22";"2026-03-08 04:45:22"
775;1;775;;"2026-03-08 04:45:22";"2026-03-08 04:45:22"
776;1;776;;"2026-03-08 04:45:22";"2026-03-08 04:45:22"
777;1;777;;"2026-03-08 04:45:22";"2026-03-08 04:45:22"
778;1;778;;"2026-03-08 04:45:22";"2026-03-08 04:45:22"
779;1;779;;"2026-03-08 04:45:22";"2026-03-08 04:45:22"
780;1;780;;"2026-03-08 04:45:22";"2026-03-08 04:45:22"
781;1;781;;"2026-03-08 04:45:22";"2026-03-08 04:45:22"
782;1;782;;"2026-03-08 04:45:22";"2026-03-08 04:45:22"
783;1;783;;"2026-03-08 04:45:22";"2026-03-08 04:45:22"
784;1;784;;"2026-03-08 04:45:22";"2026-03-08 04:45:22"
785;1;785;;"2026-03-08 04:45:22";"2026-03-08 04:45:22"
786;1;786;;"2026-03-08 04:45:22";"2026-03-08 04:45:22"
787;1;787;;"2026-03-08 04:45:22";"2026-03-08 04:45:22"
788;1;788;;"2026-03-08 04:45:22";"2026-03-08 04:45:22"
789;1;789;;"2026-03-08 04:45:22";"2026-03-08 04:45:22"
790;1;790;;"2026-03-08 04:45:22";"2026-03-08 04:45:22"
791;1;791;;"2026-03-08 04:45:22";"2026-03-08 04:45:22"
792;1;792;;"2026-03-08 04:45:22";"2026-03-08 04:45:22"
1641;1;1641;;"2026-03-08 04:45:22";"2026-03-08 04:45:22"
1671;1;1671;;"2026-03-08 04:45:22";"2026-03-08 04:45:22"
1690;1;1690;;"2026-03-08 04:45:22";"2026-03-08 04:45:22"
1729;1;1729;;"2026-03-08 04:45:22";"2026-03-08 04:45:22"
1730;1;1730;;"2026-03-08 04:45:22";"2026-03-08 04:45:22"
1770;1;1770;;"2026-03-08 04:45:22";"2026-03-08 04:45:22"
1880;1;1880;;"2026-03-08 04:45:22";"2026-03-08 04:45:22"
1897;1;1897;;"2026-03-08 04:45:22";"2026-03-08 04:45:22"
2196;1;2196;;"2026-03-08 04:45:22";"2026-03-08 04:45:22"
2256;1;2256;;"2026-03-08 04:45:22";"2026-03-08 04:45:22"
2260;1;2260;;"2026-03-08 04:45:22";"2026-03-08 04:45:22"
2263;1;2263;;"2026-03-08 04:45:22";"2026-03-08 04:45:22"
2311;1;2311;;"2026-03-08 04:45:22";"2026-03-08 04:45:22"
2473;1;2473;;"2026-03-08 04:45:22";"2026-03-08 04:45:22"
2656;1;2656;;"2026-03-08 04:45:22";"2026-03-08 04:45:22"
2657;1;2657;;"2026-03-08 04:45:22";"2026-03-08 04:45:22"
2658;1;2658;;"2026-03-08 04:45:22";"2026-03-08 04:45:22"
2659;1;2659;;"2026-03-08 04:45:22";"2026-03-08 04:45:22"
2660;1;2660;;"2026-03-08 04:45:22";"2026-03-08 04:45:22"
2661;1;2661;;"2026-03-08 04:45:22";"2026-03-08 04:45:22"
2662;1;2662;;"2026-03-08 04:45:22";"2026-03-08 04:45:22"
2663;1;2663;;"2026-03-08 04:45:22";"2026-03-08 04:45:22"
2696;1;2696;;"2026-03-08 04:45:22";"2026-03-08 04:45:22"
2697;1;2697;;"2026-03-08 04:45:22";"2026-03-08 04:45:22"
2698;1;2698;;"2026-03-08 04:45:22";"2026-03-08 04:45:22"
2709;1;2709;;"2026-03-08 04:45:22";"2026-03-08 04:45:22"
2711;1;2711;;"2026-03-08 04:45:22";"2026-03-08 04:45:22"
2713;1;2713;;"2026-03-08 04:45:22";"2026-03-08 04:45:22"
2717;1;2717;;"2026-03-08 04:45:22";"2026-03-08 04:45:22"
2718;1;2718;;"2026-03-08 04:45:22";"2026-03-08 04:45:22"
2727;1;2727;;"2026-03-08 04:45:22";"2026-03-08 04:45:22"
2728;1;2728;;"2026-03-08 04:45:22";"2026-03-08 04:45:22"
2729;1;2729;;"2026-03-08 04:45:22";"2026-03-08 04:45:22"
2733;1;2733;;"2026-03-08 04:45:22";"2026-03-08 04:45:22"
2734;1;2734;;"2026-03-08 04:45:22";"2026-03-08 04:45:22"
2747;1;2747;;"2026-03-08 04:45:22";"2026-03-08 04:45:22"
2748;1;2748;;"2026-03-08 04:45:22";"2026-03-08 04:45:22"
2787;1;2787;;"2026-03-08 04:45:22";"2026-03-08 04:45:22"
2788;1;2788;;"2026-03-08 04:45:22";"2026-03-08 04:45:22"
2813;1;2813;;"2026-03-08 04:45:22";"2026-03-08 04:45:22"
2814;1;2814;;"2026-03-08 04:45:22";"2026-03-08 04:45:22"
2824;1;2824;;"2026-03-08 04:45:22";"2026-03-08 04:45:22"
2825;1;2825;;"2026-03-08 04:45:22";"2026-03-08 04:45:22"
2835;1;2835;;"2026-03-08 04:45:22";"2026-03-08 04:45:22"
2836;1;2836;;"2026-03-08 04:45:22";"2026-03-08 04:45:22"
2866;1;2866;;"2026-03-08 04:45:22";"2026-03-08 04:45:22"
2867;1;2867;;"2026-03-08 04:45:22";"2026-03-08 04:45:22"
2868;1;2868;;"2026-03-08 04:45:22";"2026-03-08 04:45:22"
2968;1;2968;;"2026-03-08 04:45:22";"2026-03-08 04:45:22"
2969;1;2969;;"2026-03-08 04:45:22";"2026-03-08 04:45:22"
3037;1;3037;;"2026-03-08 04:45:22";"2026-03-08 04:45:22"
3038;1;3038;;"2026-03-08 04:45:22";"2026-03-08 04:45:22"
3054;1;3054;;"2026-03-08 04:45:22";"2026-03-08 04:45:22"
3055;1;3055;;"2026-03-08 04:45:22";"2026-03-08 04:45:22"
3107;1;3107;;"2026-03-08 04:45:22";"2026-03-08 04:45:22"
3108;1;3108;;"2026-03-08 04:45:22";"2026-03-08 04:45:22"
3109;1;3109;;"2026-03-08 04:45:22";"2026-03-08 04:45:22"
3110;1;3110;;"2026-03-08 04:45:22";"2026-03-08 04:45:22"
3130;1;3130;;"2026-03-08 04:45:22";"2026-03-08 04:45:22"
3161;1;3161;;"2026-03-08 04:45:22";"2026-03-08 04:45:22"
3162;1;3162;;"2026-03-08 04:45:22";"2026-03-08 04:45:22"
3177;1;3177;;"2026-03-08 04:45:22";"2026-03-08 04:45:22"
3183;1;3183;;"2026-03-08 04:45:22";"2026-03-08 04:45:22"
3190;1;3190;;"2026-03-08 04:45:22";"2026-03-08 04:45:22"
3191;1;3191;;"2026-03-08 04:45:22";"2026-03-08 04:45:22"
3258;1;3258;;"2026-03-08 04:45:22";"2026-03-08 04:45:22"
3259;1;3259;;"2026-03-08 04:45:22";"2026-03-08 04:45:22"
3261;1;3261;;"2026-03-08 04:45:22";"2026-03-08 04:45:22"
3262;1;3262;;"2026-03-08 04:45:22";"2026-03-08 04:45:22"
3263;1;3263;;"2026-03-08 04:45:22";"2026-03-08 04:45:22"
3264;1;3264;;"2026-03-08 04:45:22";"2026-03-08 04:45:22"
3265;1;3265;;"2026-03-08 04:45:22";"2026-03-08 04:45:22"
3266;1;3266;;"2026-03-08 04:45:22";"2026-03-08 04:45:22"
3267;1;3267;;"2026-03-08 04:45:22";"2026-03-08 04:45:22"
3269;1;3269;;"2026-03-08 04:45:22";"2026-03-08 04:45:22"
3283;1;3283;;"2026-03-08 04:45:22";"2026-03-08 04:45:22"
3285;1;3285;;"2026-03-08 04:45:22";"2026-03-08 04:45:22"
3286;1;3286;;"2026-03-08 04:45:22";"2026-03-08 04:45:22"
3308;1;3308;;"2026-03-08 04:45:22";"2026-03-08 04:45:22"
3309;1;3309;;"2026-03-08 04:45:22";"2026-03-08 04:45:22"
3327;1;3327;;"2026-03-08 04:45:22";"2026-03-08 04:45:22"
3328;1;3328;;"2026-03-08 04:45:22";"2026-03-08 04:45:22"
